<?xml version="1.0" encoding="UTF-8"?>
<feature
      id="org.jkiss.dbeaver.ext.office.feature"
      label="%featureName"
      version="1.1.78.202009140255"
      provider-name="%providerName"
      plugin="org.jkiss.dbeaver.data.office">

   <description>
      %description
   </description>

   <copyright>
      %copyright
   </copyright>

   <license url="%licenseURL">
      %license
   </license>

   <requires>
      <import feature="org.jkiss.dbeaver.ui.feature" version="7.0.0" match="compatible"/>
   </requires>

   <plugin id="org.jkiss.dbeaver.data.office" download-size="20" install-size="48" version="1.1.79.202009140255" unpack="false"/>
   <plugin id="org.jkiss.bundle.apache.poi" download-size="15621" install-size="18493" version="4.1.1"/>
   <plugin id="org.jkiss.dbeaver.data.office.ui" download-size="10" install-size="18" version="1.0.1.202009140255" unpack="false"/>

</feature>
