<?xml version="1.0" encoding="UTF-8"?>
<feature
      id="org.jkiss.dbeaver.standalone.feature"
      label="%featureName"
      version="7.1.3.202007300336"
      provider-name="%providerName"
      plugin="org.jkiss.dbeaver.ui.app.standalone">

   <description>
      %description
   </description>

   <copyright>
      %copyright
   </copyright>

   <license url="%licenseURL">
      %license
   </license>

   <url>
      <update label="DBeaver Universal Database Manager" url="https://dbeaver.io/"/>
   </url>

   <includes
         id="org.jkiss.dbeaver.rcp.feature"
         version="2.1.112.202007300336"/>

   <includes
         id="org.jkiss.dbeaver.runtime.feature"
         version="7.1.3.202007300336"/>

   <includes
         id="org.jkiss.dbeaver.ui.feature"
         version="7.1.3.202007300336"/>

   <includes
         id="org.jkiss.dbeaver.db.feature"
         version="1.0.28.202007300336"/>

   <includes
         id="org.jkiss.dbeaver.db.ui.feature"
         version="1.0.28.202007300336"/>

   <includes
         id="org.eclipse.equinox.p2.rcp.feature"
         version="1.4.700.v20200222-1600"/>

   <includes
         id="org.eclipse.equinox.p2.discovery.feature"
         version="1.2.500.v20191213-1911"/>

   <includes
         id="org.eclipse.equinox.p2.extras.feature"
         version="1.4.700.v20200221-1022"/>

   <includes
         id="org.eclipse.equinox.p2.user.ui"
         version="2.4.700.v20200222-1600"/>

   <includes
         id="org.jkiss.dbeaver.ext.office.feature"
         version="1.1.74.202007300336"/>

   <includes
         id="org.jkiss.dbeaver.ext.ui.svg.feature"
         version="1.0.73.202007300336"/>

   <includes
         id="org.jkiss.dbeaver.debug.feature"
         version="6.1.27.202007300336"/>

   <requires>
      <import plugin="org.apache.commons.logging" match="greaterOrEqual"/>
      <import plugin="com.jcraft.jsch" match="greaterOrEqual"/>
      <import plugin="org.objectweb.asm" match="greaterOrEqual"/>
   </requires>

   <plugin
         id="org.jkiss.dbeaver.ext.sample.database"
         download-size="410"
         install-size="1112"
         version="1.0.74.202007300336"
         unpack="false"/>

   <plugin
         id="org.jkiss.dbeaver.ext.ui.tipoftheday"
         download-size="18"
         install-size="35"
         version="1.0.43.202007300336"
         unpack="false"/>

   <plugin
         id="org.eclipse.ui.ide.application"
         download-size="107"
         install-size="206"
         version="1.3.600.v20200116-2127"
         unpack="false"/>

   <plugin
         id="org.eclipse.ui.net"
         download-size="45"
         install-size="84"
         version="1.3.700.v20200212-0844"/>

   <plugin
         id="org.eclipse.jsch.core"
         download-size="40"
         install-size="75"
         version="1.3.800.v20200106-0907"/>

   <plugin
         id="org.eclipse.jsch.ui"
         download-size="91"
         install-size="180"
         version="1.3.800.v20200205-0619"/>

   <plugin
         id="org.eclipse.core.variables"
         download-size="35"
         install-size="65"
         version="3.4.800.v20200120-1101"/>

   <plugin
         id="org.eclipse.ui.themes"
         download-size="52"
         install-size="113"
         version="1.2.900.v20200106-1021"/>

   <plugin
         id="org.apache.commons.cli"
         download-size="51"
         install-size="107"
         version="1.3.1"
         unpack="false"/>

</feature>
