<?xml version="1.0" encoding="UTF-8"?>
<feature
      id="org.jkiss.dbeaver.rcp.feature"
      label="%featureName"
      version="2.1.112.202007300336"
      provider-name="%providerName">

    <description>
      %description
    </description>

    <copyright>
      %copyright
    </copyright>

    <license url="%licenseURL">
      %license
    </license>

<!--
    <includes id="org.eclipse.rcp" version="0.0.0"/>

    <plugin id="com.ibm.icu.base" download-size="0" install-size="0" version="0.0.0" unpack="false"/>
    <plugin id="org.eclipse.draw2d" download-size="0" install-size="0" version="0.0.0" unpack="false"/>
    <plugin id="org.eclipse.gef" download-size="0" install-size="0" version="0.0.0" unpack="false"/>
-->

    <requires>
        <import plugin="org.eclipse.core.runtime" version="3.7" match="greaterOrEqual"/>
    </requires>

    <plugin id="com.ibm.icu.base" download-size="181" install-size="380" version="58.2.0.v20170418-1837" unpack="false"/>

    <plugin id="javax.annotation" download-size="28" install-size="58" version="1.2.0.v201602091430" unpack="false"/>
    <plugin id="javax.inject" download-size="14" install-size="24" version="1.0.0.v20091030" unpack="false"/>

    <plugin id="org.w3c.css.sac" download-size="35" install-size="61" version="1.3.1.v200903091627" unpack="false"/>

    <plugin id="org.apache.batik.css" download-size="351" install-size="709" version="1.11.0.v20190515-0436" unpack="false"/>
    <plugin id="org.apache.batik.util" download-size="144" install-size="283" version="1.11.0.v20190515-0436" unpack="false"/>

    <plugin id="org.apache.commons.io" download-size="227" install-size="450" version="2.6.0.v20190123-2029" unpack="false"/>

    <plugin id="org.eclipse.compare.core" download-size="66" install-size="128" version="3.6.800.v20191213-2246" unpack="false"/>
    <plugin id="org.eclipse.core.commands" download-size="112" install-size="213" version="3.9.700.v20191217-1850" unpack="false"/>
    <plugin id="org.eclipse.core.contenttype" download-size="98" install-size="209" version="3.7.600.v20200124-1609" unpack="false"/>
    <plugin id="org.eclipse.core.databinding" download-size="172" install-size="403" version="1.8.0.v20200205-2008" unpack="false"/>
    <plugin id="org.eclipse.core.databinding.observable" download-size="303" install-size="718" version="1.9.0.v20200205-2119" unpack="false"/>
    <plugin id="org.eclipse.core.databinding.property" download-size="161" install-size="431" version="1.8.0.v20200124-0715" unpack="false"/>
    <plugin id="org.eclipse.core.expressions" download-size="92" install-size="181" version="3.6.700.v20200212-1751" unpack="false"/>
    <plugin id="org.eclipse.core.filesystem" download-size="65" install-size="122" version="1.7.700.v20200110-1734" unpack="false"/>
    <plugin id="org.eclipse.core.jobs" download-size="105" install-size="209" version="3.10.700.v20200106-1020" unpack="false"/>
    <plugin id="org.eclipse.core.resources" download-size="873" install-size="1904" version="3.13.700.v20200209-1624" unpack="false"/>
    <plugin id="org.eclipse.e4.core.commands" download-size="25" install-size="45" version="0.12.900.v20200110-1732" unpack="false"/>
    <plugin id="org.eclipse.e4.core.contexts" download-size="47" install-size="93" version="1.8.400.v20191217-1710" unpack="false"/>
    <plugin id="org.eclipse.e4.core.di" download-size="51" install-size="106" version="1.7.500.v20190916-2125" unpack="false"/>
    <plugin id="org.eclipse.e4.core.di.extensions" download-size="11" install-size="14" version="0.15.500.v20200106-1259" unpack="false"/>
    <plugin id="org.eclipse.e4.core.services" download-size="70" install-size="128" version="2.2.200.v20200127-0814" unpack="false"/>
    <plugin id="org.eclipse.e4.ui.bindings" download-size="44" install-size="92" version="0.12.800.v20191216-0805" unpack="false"/>
    <plugin id="org.eclipse.e4.ui.css.core" download-size="209" install-size="427" version="0.12.1000.v20200129-0903" unpack="false"/>
    <plugin id="org.eclipse.e4.ui.css.swt" download-size="245" install-size="516" version="0.13.900.v20200203-0840" unpack="false"/>
    <plugin id="org.eclipse.e4.ui.css.swt.theme" download-size="27" install-size="50" version="0.12.600.v20200124-0005" unpack="false"/>
    <plugin id="org.eclipse.e4.ui.di" download-size="16" install-size="23" version="1.2.800.v20200128-0855" unpack="false"/>
    <plugin id="org.eclipse.e4.ui.model.workbench" download-size="393" install-size="1194" version="2.1.700.v20200113-1422" unpack="false"/>
    <plugin id="org.eclipse.e4.ui.services" download-size="24" install-size="38" version="1.3.700.v20190930-1643" unpack="false"/>
    <plugin id="org.eclipse.e4.ui.widgets" download-size="13" install-size="21" version="1.2.700.v20191222-1048" unpack="false"/>
    <plugin id="org.eclipse.e4.ui.workbench" download-size="247" install-size="530" version="1.11.200.v20200205-1503" unpack="false"/>
    <plugin id="org.eclipse.e4.ui.workbench.renderers.swt" download-size="245" install-size="557" version="0.14.1100.v20200217-1217" unpack="false"/>
    <plugin id="org.eclipse.e4.ui.workbench.renderers.swt.cocoa" os="macosx" download-size="30" install-size="54" version="0.12.500.v20200123-1115" fragment="true" unpack="false"/>
    <plugin id="org.eclipse.e4.ui.workbench3" download-size="20" install-size="33" version="0.15.400.v20191216-0805" unpack="false"/>
    <plugin id="org.eclipse.e4.ui.workbench.swt" download-size="140" install-size="279" version="0.14.900.v20200213-1442" unpack="false"/>
    <plugin id="org.eclipse.e4.ui.workbench.addons.swt" download-size="115" install-size="249" version="1.3.800.v20191212-1231" unpack="false"/>

    <plugin id="org.eclipse.emf.common" download-size="366" install-size="766" version="2.18.0.v20191225-1014" unpack="false"/>
    <plugin id="org.eclipse.emf.ecore" download-size="1381" install-size="3278" version="2.21.0.v20200127-1342" unpack="false"/>
    <plugin id="org.eclipse.emf.ecore.change" download-size="100" install-size="218" version="2.14.0.v20190528-0725" unpack="false"/>
    <plugin id="org.eclipse.emf.ecore.xmi" download-size="229" install-size="488" version="2.16.0.v20190528-0725" unpack="false"/>
    <plugin id="org.eclipse.equinox.app" download-size="87" install-size="176" version="1.4.400.v20191212-0743" unpack="false"/>
    <plugin id="org.eclipse.equinox.common" download-size="121" install-size="229" version="3.11.0.v20200206-0817" unpack="false"/>
    <plugin id="org.eclipse.equinox.ds" download-size="28" install-size="57" version="1.6.100.v20191001-1333" unpack="false"/>
    <plugin id="org.eclipse.equinox.event" download-size="34" install-size="61" version="1.5.300.v20191001-1333" unpack="false"/>
    <plugin id="org.eclipse.equinox.preferences" download-size="129" install-size="265" version="3.7.700.v20191213-1901" unpack="false"/>
    <plugin id="org.eclipse.equinox.registry" download-size="189" install-size="398" version="3.8.700.v20200121-1457" unpack="false"/>
    <plugin id="org.eclipse.equinox.simpleconfigurator" download-size="44" install-size="83" version="1.3.500.v20200211-1505" unpack="false"/>
<!--    Was removed in 2019-12? -->
<!--    <plugin id="org.eclipse.equinox.util" download-size="0" install-size="0" version="0.0.0" unpack="false"/>-->
    <plugin id="org.eclipse.help" download-size="266" install-size="685" version="3.8.700.v20191212-1123" unpack="false"/>
    <plugin id="org.eclipse.jface" download-size="1094" install-size="2216" version="3.19.0.v20200218-1607" unpack="false"/>
    <plugin id="org.eclipse.jface.databinding" download-size="294" install-size="679" version="1.11.0.v20200205-2119" unpack="false"/>
    <plugin id="org.eclipse.jface.text" download-size="1027" install-size="2195" version="3.16.200.v20200218-0828" unpack="false"/>
    <plugin id="org.eclipse.osgi" download-size="1443" install-size="3093" version="3.15.200.v20200214-1600" unpack="false"/>
    <plugin id="org.eclipse.osgi.services" download-size="125" install-size="201" version="3.8.0.v20190206-2147" unpack="false"/>
    <plugin id="org.eclipse.osgi.compatibility.state" download-size="241" install-size="595" version="1.1.700.v20200207-2156" unpack="false"/>
    <plugin id="org.eclipse.swt" download-size="16" install-size="32" version="3.114.0.v20200304-0601" unpack="false"/>

    <plugin id="org.eclipse.text" download-size="289" install-size="583" version="3.10.100.v20200217-1239" unpack="false"/>
    <plugin id="org.eclipse.ui" download-size="467" install-size="578" version="3.116.0.v20200203-1308" unpack="false"/>
    <plugin id="org.eclipse.ui.forms" download-size="324" install-size="653" version="3.9.0.v20200213-1442" unpack="false"/>
    <plugin id="org.eclipse.ui.views" download-size="104" install-size="190" version="3.10.200.v20200213-1442" unpack="false"/>
    <plugin id="org.eclipse.ui.views.log" download-size="169" install-size="292" version="1.2.1000.v20200127-1026" unpack="false"/>
    <plugin id="org.eclipse.ui.workbench" download-size="3598" install-size="7763" version="3.118.0.v20200222-0719" unpack="false"/>
    <plugin id="org.eclipse.ui.workbench.texteditor" download-size="641" install-size="1373" version="3.14.100.v20200212-1049" unpack="false"/>

    <plugin id="org.eclipse.ui.intro" download-size="338" install-size="670" version="3.5.900.v20200217-1223" unpack="false"/>
    <plugin id="org.eclipse.ui.themes" download-size="52" install-size="113" version="1.2.900.v20200106-1021"/>

    <plugin id="org.eclipse.update.configurator" download-size="95" install-size="192" version="3.4.500.v20200225-0827"/>

    <plugin id="com.sun.jna" download-size="1432" install-size="3897" version="4.5.1.v20190425-1842"/>
    <plugin id="com.sun.jna.platform" download-size="1167" install-size="2368" version="4.5.1.v20190425-1842"/>

    <!-- Quick search. Includes minimized ant bundle. -->

<!--    <plugin id="org.apache.ant" download-size="0" install-size="0" version="0.0.0"/>-->
    <plugin id="org.eclipse.text.quicksearch" download-size="92" install-size="186" version="1.0.200.v20200218-1616"/>

    <!-- GEF -->

    <!-- IDE plugin -->

    <plugin id="org.eclipse.ui.ide" download-size="2433" install-size="4845" version="3.17.0.v20200217-1511" unpack="false"/>
    <plugin id="org.eclipse.ui.editors" download-size="600" install-size="1350" version="3.13.100.v20200130-1507"/>

    <!-- Eclipse Mars additions -->

    <plugin id="org.eclipse.e4.core.di.annotations" download-size="11" install-size="15" version="1.6.600.v20191216-2352" unpack="false"/>
    <plugin id="org.eclipse.e4.emf.xpath" download-size="50" install-size="98" version="0.2.600.v20191216-0805" unpack="false"/>
    <plugin id="org.apache.commons.jxpath" download-size="317" install-size="658" version="1.3.0.v200911051830" unpack="false"/>

    <!-- 3rd party -->

    <plugin id="com.jcraft.jsch" download-size="297" install-size="539" version="0.1.55.v20190404-1902" unpack="false"/>
    <plugin id="org.apache.commons.logging" download-size="71" install-size="145" version="1.2.0.v20180409-1502" unpack="false"/>
    <plugin id="org.objectweb.asm" download-size="123" install-size="246" version="7.2.0.v20191010-1910" unpack="false"/>

    <!-- OS dependent -->

<!--
    <plugin id="org.eclipse.core.resources.win32.x86" os="win32" arch="x86" download-size="0" install-size="0" version="0.0.0" fragment="true" unpack="false"/>
    <plugin id="org.eclipse.core.filesystem.win32.x86" os="win32" arch="x86" download-size="0" install-size="0" version="0.0.0" fragment="true" unpack="false"/>
    <plugin id="org.eclipse.swt.win32.win32.x86" os="win32" ws="win32" arch="x86" download-size="0" install-size="0" version="0.0.0" fragment="true" unpack="false"/>
-->

    <plugin id="org.eclipse.core.resources.win32.x86_64" os="win32" arch="x86_64" download-size="57" install-size="109" version="3.5.400.v20190812-0909" fragment="true" unpack="false"/>
    <plugin id="org.eclipse.core.filesystem.win32.x86_64" os="win32" arch="x86_64" download-size="37" install-size="73" version="1.4.200.v20190812-0909" fragment="true" unpack="false"/>
    <plugin id="org.eclipse.swt.win32.win32.x86_64" os="win32" ws="win32" arch="x86_64" download-size="2401" install-size="5081" version="3.114.0.v20200304-0601" fragment="true" unpack="false"/>

<!--
    <plugin id="org.eclipse.core.filesystem.linux.x86" os="linux" arch="x86" download-size="0" install-size="0" version="0.0.0" fragment="true" unpack="false"/>
    <plugin id="org.eclipse.swt.gtk.linux.x86" os="linux" ws="gtk" arch="x86" download-size="0" install-size="0" version="0.0.0" fragment="true" unpack="false"/>
-->

    <plugin id="org.eclipse.core.filesystem.linux.x86_64" os="linux" arch="x86_64" download-size="11" install-size="21" version="1.2.300.v20180828-0158" fragment="true" unpack="false"/>
    <plugin id="org.eclipse.swt.gtk.linux.x86_64" os="linux" ws="gtk" arch="x86_64" download-size="2010" install-size="4634" version="3.114.0.v20200304-0601" fragment="true" unpack="false"/>

    <plugin id="org.eclipse.core.filesystem.macosx" os="macosx" download-size="16" install-size="44" version="1.3.200.v20190903-0945" fragment="true" unpack="false"/>
    <plugin id="org.eclipse.swt.cocoa.macosx.x86_64" os="macosx" ws="cocoa" arch="x86_64" download-size="2102" install-size="4935" version="3.114.0.v20200304-0601" fragment="true" unpack="false"/>

</feature>
