<?xml version="1.0" encoding="UTF-8"?>
<feature
      id="org.jkiss.dbeaver.debug.feature"
      label="%featureName"
      version="6.1.27.202007270300"
      provider-name="%providerName">

   <description>
      %description
   </description>

   <copyright>
      %copyright
   </copyright>

   <license url="%licenseURL">
      %license
   </license>

   <requires>
      <import feature="org.jkiss.dbeaver.ui.feature" version="7.0.0" match="compatible"/>
      <import plugin="org.eclipse.debug.core" version="0.0.0" match="greaterOrEqual"/>
      <import plugin="org.eclipse.debug.ui" version="0.0.0" match="greaterOrEqual"/>
   </requires>

   <plugin id="org.jkiss.dbeaver.debug.core" download-size="53" install-size="105" version="1.0.66.202007270300" unpack="false"/>
   <plugin id="org.jkiss.dbeaver.debug.ui" download-size="71" install-size="184" version="1.0.66.202007270300" unpack="false"/>
   <plugin id="org.jkiss.dbeaver.ext.postgresql.debug.core" download-size="39" install-size="77" version="1.0.66.202007270300" unpack="false"/>
   <plugin id="org.jkiss.dbeaver.ext.postgresql.debug.ui" download-size="17" install-size="33" version="1.0.66.202007270300" unpack="false"/>

</feature>
