<?xml version='1.0' encoding='UTF-8'?>
<?artifactRepository version='1.1.0'?>
<repository name='Bundle pool' type='org.eclipse.equinox.p2.artifact.repository.simpleRepository' version='1'>
  <properties size='2'>
    <property name='p2.system' value='true'/>
    <property name='p2.timestamp' value='1596080414813'/>
  </properties>
  <mappings size='3'>
    <rule filter='(&amp; (classifier=osgi.bundle))' output='${repoUrl}/plugins/${id}_${version}.jar'/>
    <rule filter='(&amp; (classifier=binary))' output='${repoUrl}/binary/${id}_${version}'/>
    <rule filter='(&amp; (classifier=org.eclipse.update.feature))' output='${repoUrl}/features/${id}_${version}.jar'/>
  </mappings>
  <artifacts size='294'>
    <artifact classifier='osgi.bundle' id='javax.annotation' version='1.2.0.v201602091430'>
      <properties size='1'>
        <property name='download.size' value='29148'/>
      </properties>
    </artifact>
    <artifact classifier='osgi.bundle' id='org.jkiss.dbeaver.ui.editors.sql' version='1.0.37.202007300336'>
      <properties size='1'>
        <property name='download.size' value='700802'/>
      </properties>
    </artifact>
    <artifact classifier='osgi.bundle' id='org.jkiss.dbeaver.ext.snowflake.ui' version='1.0.57.202007300336'>
      <properties size='1'>
        <property name='download.size' value='23903'/>
      </properties>
    </artifact>
    <artifact classifier='osgi.bundle' id='org.eclipse.emf.ecore' version='2.21.0.v20200127-1342'>
      <properties size='1'>
        <property name='download.size' value='1415116'/>
      </properties>
    </artifact>
    <artifact classifier='osgi.bundle' id='com.jcraft.jsch' version='0.1.55.v20190404-1902'>
      <properties size='1'>
        <property name='download.size' value='304961'/>
      </properties>
    </artifact>
    <artifact classifier='osgi.bundle' id='org.eclipse.equinox.launcher' version='1.5.700.v20200207-2156'>
      <properties size='1'>
        <property name='download.size' value='53088'/>
      </properties>
    </artifact>
    <artifact classifier='osgi.bundle' id='org.jkiss.bundle.gis' version='2.0.3'>
      <properties size='1'>
        <property name='download.size' value='1406632'/>
      </properties>
      <repositoryProperties size='1'>
        <property name='artifact.folder' value='true'/>
      </repositoryProperties>
    </artifact>
    <artifact classifier='osgi.bundle' id='org.eclipse.equinox.p2.console' version='1.1.300.v20191014-1219'>
      <properties size='1'>
        <property name='download.size' value='28782'/>
      </properties>
    </artifact>
    <artifact classifier='osgi.bundle' id='org.jkiss.dbeaver.ui.app.standalone' version='7.1.3.202007300336'>
      <properties size='1'>
        <property name='download.size' value='201984'/>
      </properties>
    </artifact>
    <artifact classifier='osgi.bundle' id='org.eclipse.ecf.ssl' version='1.2.300.v20191012-1926'>
      <properties size='1'>
        <property name='download.size' value='15674'/>
      </properties>
    </artifact>
    <artifact classifier='osgi.bundle' id='com.sun.jna' version='4.5.1.v20190425-1842'>
      <properties size='1'>
        <property name='download.size' value='1466643'/>
      </properties>
    </artifact>
    <artifact classifier='osgi.bundle' id='org.jkiss.dbeaver.ui.editors.connection' version='1.0.28.202007300336'>
      <properties size='1'>
        <property name='download.size' value='231161'/>
      </properties>
    </artifact>
    <artifact classifier='osgi.bundle' id='org.eclipse.equinox.frameworkadmin' version='2.1.400.v20191002-0702'>
      <properties size='1'>
        <property name='download.size' value='36937'/>
      </properties>
    </artifact>
    <artifact classifier='osgi.bundle' id='org.sat4j.core' version='2.3.5.v201308161310'>
      <properties size='1'>
        <property name='download.size' value='376173'/>
      </properties>
    </artifact>
    <artifact classifier='org.eclipse.update.feature' id='org.jkiss.dbeaver.rcp.feature' version='2.1.112.202007300336'>
      <properties size='1'>
        <property name='download.size' value='7207'/>
      </properties>
      <repositoryProperties size='1'>
        <property name='artifact.folder' value='true'/>
      </repositoryProperties>
    </artifact>
    <artifact classifier='org.eclipse.update.feature' id='org.jkiss.dbeaver.db.feature' version='1.0.28.202007300336'>
      <properties size='1'>
        <property name='download.size' value='1504'/>
      </properties>
      <repositoryProperties size='1'>
        <property name='artifact.folder' value='true'/>
      </repositoryProperties>
    </artifact>
    <artifact classifier='osgi.bundle' id='org.jkiss.dbeaver.ui.dashboard' version='1.0.34.202007300336'>
      <properties size='1'>
        <property name='download.size' value='156245'/>
      </properties>
    </artifact>
    <artifact classifier='osgi.bundle' id='org.eclipse.core.filesystem.macosx' version='1.3.200.v20190903-0945'>
      <properties size='1'>
        <property name='download.size' value='16916'/>
      </properties>
    </artifact>
    <artifact classifier='osgi.bundle' id='org.eclipse.equinox.p2.extensionlocation' version='1.3.400.v20191213-1911'>
      <properties size='1'>
        <property name='download.size' value='35810'/>
      </properties>
    </artifact>
    <artifact classifier='osgi.bundle' id='org.jkiss.dbeaver.ext.hsqldb' version='1.0.84.202007300336'>
      <properties size='1'>
        <property name='download.size' value='13156'/>
      </properties>
    </artifact>
    <artifact classifier='osgi.bundle' id='org.eclipse.gef' version='3.11.0.201606061308'>
      <properties size='1'>
        <property name='download.size' value='999341'/>
      </properties>
    </artifact>
    <artifact classifier='osgi.bundle' id='org.jkiss.dbeaver.ext.sqlite.ui' version='1.0.7.202007300336'>
      <properties size='1'>
        <property name='download.size' value='4191'/>
      </properties>
    </artifact>
    <artifact classifier='osgi.bundle' id='org.jkiss.dbeaver.cmp.simple.ui' version='6.0.33.202007300336'>
      <properties size='1'>
        <property name='download.size' value='23840'/>
      </properties>
    </artifact>
    <artifact classifier='osgi.bundle' id='org.apache.batik.util' version='1.11.0.v20190515-0436'>
      <properties size='1'>
        <property name='download.size' value='147784'/>
      </properties>
    </artifact>
    <artifact classifier='osgi.bundle' id='org.jkiss.dbeaver.data.transfer' version='2.0.21.202007300336'>
      <properties size='1'>
        <property name='download.size' value='257181'/>
      </properties>
    </artifact>
    <artifact classifier='osgi.bundle' id='org.eclipse.ui.net' version='1.3.700.v20200212-0844'>
      <properties size='1'>
        <property name='download.size' value='46139'/>
      </properties>
    </artifact>
    <artifact classifier='osgi.bundle' id='org.eclipse.e4.ui.workbench' version='1.11.200.v20200205-1503'>
      <properties size='1'>
        <property name='download.size' value='253476'/>
      </properties>
    </artifact>
    <artifact classifier='osgi.bundle' id='org.eclipse.equinox.p2.ui.sdk' version='1.1.500.v20191016-0512'>
      <properties size='1'>
        <property name='download.size' value='52563'/>
      </properties>
    </artifact>
    <artifact classifier='osgi.bundle' id='org.eclipse.emf.ecore.xmi' version='2.16.0.v20190528-0725'>
      <properties size='1'>
        <property name='download.size' value='235196'/>
      </properties>
    </artifact>
    <artifact classifier='osgi.bundle' id='org.eclipse.e4.ui.workbench3' version='0.15.400.v20191216-0805'>
      <properties size='1'>
        <property name='download.size' value='21306'/>
      </properties>
    </artifact>
    <artifact classifier='osgi.bundle' id='org.apache.httpcomponents.httpclient' version='4.5.10.v20200114-1512'>
      <properties size='1'>
        <property name='download.size' value='1040226'/>
      </properties>
    </artifact>
    <artifact classifier='osgi.bundle' id='org.jkiss.dbeaver.ui.editors.base' version='1.0.37.202007300336'>
      <properties size='1'>
        <property name='download.size' value='225621'/>
      </properties>
    </artifact>
    <artifact classifier='osgi.bundle' id='org.eclipse.ecf' version='3.9.5.v20200217-1548'>
      <properties size='1'>
        <property name='download.size' value='124271'/>
      </properties>
    </artifact>
    <artifact classifier='osgi.bundle' id='org.eclipse.e4.core.services' version='2.2.200.v20200127-0814'>
      <properties size='1'>
        <property name='download.size' value='72578'/>
      </properties>
    </artifact>
    <artifact classifier='osgi.bundle' id='org.eclipse.equinox.simpleconfigurator' version='1.3.500.v20200211-1505'>
      <properties size='1'>
        <property name='download.size' value='46016'/>
      </properties>
    </artifact>
    <artifact classifier='osgi.bundle' id='org.jkiss.dbeaver.ext.snowflake.core' version='1.0.57.202007300336'>
      <properties size='1'>
        <property name='download.size' value='34536'/>
      </properties>
    </artifact>
    <artifact classifier='osgi.bundle' id='org.jkiss.dbeaver.model.sql' version='1.0.27.202007300336'>
      <properties size='1'>
        <property name='download.size' value='213055'/>
      </properties>
    </artifact>
    <artifact classifier='osgi.bundle' id='org.eclipse.ui.ide.application' version='1.3.600.v20200116-2127'>
      <properties size='1'>
        <property name='download.size' value='109624'/>
      </properties>
    </artifact>
    <artifact classifier='osgi.bundle' id='org.apache.batik.constants' version='1.11.0.v20190515-0436'>
      <properties size='1'>
        <property name='download.size' value='20830'/>
      </properties>
    </artifact>
    <artifact classifier='osgi.bundle' id='org.jkiss.dbeaver.ui.editors.acl' version='1.0.33.202007300336'>
      <properties size='1'>
        <property name='download.size' value='23161'/>
      </properties>
    </artifact>
    <artifact classifier='osgi.bundle' id='org.eclipse.equinox.p2.garbagecollector' version='1.1.400.v20200221-1022'>
      <properties size='1'>
        <property name='download.size' value='25396'/>
      </properties>
    </artifact>
    <artifact classifier='osgi.bundle' id='org.jkiss.dbeaver.registry' version='1.0.31.202007300336'>
      <properties size='1'>
        <property name='download.size' value='378543'/>
      </properties>
    </artifact>
    <artifact classifier='osgi.bundle' id='org.jkiss.dbeaver.data.gis.view' version='1.0.32.202007300336'>
      <properties size='1'>
        <property name='download.size' value='185374'/>
      </properties>
    </artifact>
    <artifact classifier='osgi.bundle' id='org.apache.commons.io' version='2.6.0.v20190123-2029'>
      <properties size='1'>
        <property name='download.size' value='232616'/>
      </properties>
    </artifact>
    <artifact classifier='osgi.bundle' id='org.eclipse.jface.text' version='3.16.200.v20200218-0828'>
      <properties size='1'>
        <property name='download.size' value='1052020'/>
      </properties>
    </artifact>
    <artifact classifier='osgi.bundle' id='org.jkiss.bundle.jfreechart' version='1.0.20'>
      <properties size='1'>
        <property name='download.size' value='1897244'/>
      </properties>
      <repositoryProperties size='1'>
        <property name='artifact.folder' value='true'/>
      </repositoryProperties>
    </artifact>
    <artifact classifier='osgi.bundle' id='org.eclipse.update.configurator' version='3.4.500.v20200225-0827'>
      <properties size='1'>
        <property name='download.size' value='97297'/>
      </properties>
    </artifact>
    <artifact classifier='osgi.bundle' id='org.jkiss.dbeaver.ext.mssql' version='1.0.131.202007300336'>
      <properties size='1'>
        <property name='download.size' value='295411'/>
      </properties>
    </artifact>
    <artifact classifier='osgi.bundle' id='org.jkiss.dbeaver.ext.oracle.ui' version='1.0.24.202007300336'>
      <properties size='1'>
        <property name='download.size' value='137001'/>
      </properties>
    </artifact>
    <artifact classifier='osgi.bundle' id='org.jkiss.dbeaver.tasks.native.ui' version='1.0.15.202007300336'>
      <properties size='1'>
        <property name='download.size' value='34421'/>
      </properties>
    </artifact>
    <artifact classifier='osgi.bundle' id='org.apache.xmlgraphics' version='2.3.0.v20190515-0436'>
      <properties size='1'>
        <property name='download.size' value='719465'/>
      </properties>
    </artifact>
    <artifact classifier='osgi.bundle' id='org.jkiss.dbeaver.data.gis' version='1.0.61.202007300336'>
      <properties size='1'>
        <property name='download.size' value='23404'/>
      </properties>
    </artifact>
    <artifact classifier='osgi.bundle' id='org.eclipse.equinox.frameworkadmin.equinox' version='1.1.300.v20200211-1503'>
      <properties size='1'>
        <property name='download.size' value='68179'/>
      </properties>
    </artifact>
    <artifact classifier='osgi.bundle' id='org.jkiss.dbeaver.ui.editors.hex' version='1.0.37.202007300336'>
      <properties size='1'>
        <property name='download.size' value='151021'/>
      </properties>
    </artifact>
    <artifact classifier='osgi.bundle' id='org.eclipse.equinox.p2.engine' version='2.6.600.v20200110-2121'>
      <properties size='1'>
        <property name='download.size' value='211425'/>
      </properties>
    </artifact>
    <artifact classifier='osgi.bundle' id='org.eclipse.ui.intro' version='3.5.900.v20200217-1223'>
      <properties size='1'>
        <property name='download.size' value='346730'/>
      </properties>
    </artifact>
    <artifact classifier='osgi.bundle' id='org.eclipse.ui.navigator' version='3.9.200.v20200213-1442'>
      <properties size='1'>
        <property name='download.size' value='432187'/>
      </properties>
    </artifact>
    <artifact classifier='osgi.bundle' id='org.jkiss.dbeaver.ext.bigquery.ui' version='1.0.7.202007300336'>
      <properties size='1'>
        <property name='download.size' value='24554'/>
      </properties>
    </artifact>
    <artifact classifier='osgi.bundle' id='org.eclipse.core.commands' version='3.9.700.v20191217-1850'>
      <properties size='1'>
        <property name='download.size' value='115489'/>
      </properties>
    </artifact>
    <artifact classifier='osgi.bundle' id='org.tukaani.xz' version='1.8.0.v20180207-1613'>
      <properties size='1'>
        <property name='download.size' value='128232'/>
      </properties>
    </artifact>
    <artifact classifier='osgi.bundle' id='org.jkiss.dbeaver.ext.ui.svg' version='1.0.73.202007300336'>
      <properties size='1'>
        <property name='download.size' value='21837'/>
      </properties>
    </artifact>
    <artifact classifier='osgi.bundle' id='org.jkiss.dbeaver.ext.kognitio' version='1.0.21.202007300336'>
      <properties size='1'>
        <property name='download.size' value='9974'/>
      </properties>
    </artifact>
    <artifact classifier='osgi.bundle' id='org.eclipse.equinox.p2.updatechecker' version='1.2.300.v20200222-1600'>
      <properties size='1'>
        <property name='download.size' value='18590'/>
      </properties>
    </artifact>
    <artifact classifier='osgi.bundle' id='org.jkiss.dbeaver.ui' version='5.1.52.202007300336'>
      <properties size='1'>
        <property name='download.size' value='910086'/>
      </properties>
    </artifact>
    <artifact classifier='osgi.bundle' id='org.eclipse.equinox.registry' version='3.8.700.v20200121-1457'>
      <properties size='1'>
        <property name='download.size' value='194150'/>
      </properties>
    </artifact>
    <artifact classifier='osgi.bundle' id='org.eclipse.urischeme' version='1.0.600.v20200115-1733'>
      <properties size='1'>
        <property name='download.size' value='47994'/>
      </properties>
    </artifact>
    <artifact classifier='osgi.bundle' id='org.eclipse.help' version='3.8.700.v20191212-1123'>
      <properties size='1'>
        <property name='download.size' value='272400'/>
      </properties>
    </artifact>
    <artifact classifier='osgi.bundle' id='org.eclipse.swt.cocoa.macosx.x86_64' version='3.114.0.v20200304-0601'>
      <properties size='1'>
        <property name='download.size' value='2152670'/>
      </properties>
    </artifact>
    <artifact classifier='osgi.bundle' id='org.eclipse.ui' version='3.116.0.v20200203-1308'>
      <properties size='1'>
        <property name='download.size' value='478332'/>
      </properties>
    </artifact>
    <artifact classifier='osgi.bundle' id='org.jkiss.dbeaver.ext.opendistro' version='1.0.21.202007300336'>
      <properties size='1'>
        <property name='download.size' value='15128'/>
      </properties>
    </artifact>
    <artifact classifier='osgi.bundle' id='org.jkiss.dbeaver.ext.mssql.ui' version='1.0.36.202007300336'>
      <properties size='1'>
        <property name='download.size' value='59317'/>
      </properties>
    </artifact>
    <artifact classifier='osgi.bundle' id='org.eclipse.equinox.p2.ui' version='2.5.800.v20200213-1530'>
      <properties size='1'>
        <property name='download.size' value='620724'/>
      </properties>
    </artifact>
    <artifact classifier='osgi.bundle' id='org.eclipse.equinox.concurrent' version='1.1.500.v20200106-1437'>
      <properties size='1'>
        <property name='download.size' value='26570'/>
      </properties>
    </artifact>
    <artifact classifier='osgi.bundle' id='org.jkiss.dbeaver.net.ssh.jsch' version='1.1.47.202007300336'>
      <properties size='1'>
        <property name='download.size' value='10457'/>
      </properties>
    </artifact>
    <artifact classifier='osgi.bundle' id='org.eclipse.ecf.filetransfer' version='5.1.0.v20200217-0016'>
      <properties size='1'>
        <property name='download.size' value='53278'/>
      </properties>
    </artifact>
    <artifact classifier='osgi.bundle' id='org.jkiss.dbeaver.ext.ui.locks' version='1.0.82.202007300336'>
      <properties size='1'>
        <property name='download.size' value='34554'/>
      </properties>
    </artifact>
    <artifact classifier='osgi.bundle' id='org.eclipse.ui.navigator.resources' version='3.7.200.v20200213-1442'>
      <properties size='1'>
        <property name='download.size' value='175119'/>
      </properties>
    </artifact>
    <artifact classifier='osgi.bundle' id='org.w3c.dom.events' version='3.0.0.draft20060413_v201105210656'>
      <properties size='1'>
        <property name='download.size' value='15720'/>
      </properties>
    </artifact>
    <artifact classifier='osgi.bundle' id='org.eclipse.equinox.security.ui' version='1.2.600.v20191213-1901'>
      <properties size='1'>
        <property name='download.size' value='171223'/>
      </properties>
    </artifact>
    <artifact classifier='osgi.bundle' id='org.jkiss.dbeaver.tasks.native' version='1.0.15.202007300336'>
      <properties size='1'>
        <property name='download.size' value='27490'/>
      </properties>
    </artifact>
    <artifact classifier='osgi.bundle' id='org.eclipse.equinox.security' version='1.3.500.v20200114-1637'>
      <properties size='1'>
        <property name='download.size' value='113283'/>
      </properties>
    </artifact>
    <artifact classifier='osgi.bundle' id='org.eclipse.core.databinding.property' version='1.8.0.v20200124-0715'>
      <properties size='1'>
        <property name='download.size' value='165211'/>
      </properties>
    </artifact>
    <artifact classifier='osgi.bundle' id='org.jkiss.dbeaver.ext.clickhouse' version='1.0.42.202007300336'>
      <properties size='1'>
        <property name='download.size' value='13028'/>
      </properties>
    </artifact>
    <artifact classifier='osgi.bundle' id='org.eclipse.equinox.p2.publisher.eclipse' version='1.3.500.v20200203-1449'>
      <properties size='1'>
        <property name='download.size' value='240445'/>
      </properties>
    </artifact>
    <artifact classifier='osgi.bundle' id='org.eclipse.core.databinding.observable' version='1.9.0.v20200205-2119'>
      <properties size='1'>
        <property name='download.size' value='310502'/>
      </properties>
    </artifact>
    <artifact classifier='osgi.bundle' id='org.eclipse.equinox.p2.ui.sdk.scheduler' version='1.4.600.v20200221-0754'>
      <properties size='1'>
        <property name='download.size' value='101546'/>
      </properties>
    </artifact>
    <artifact classifier='osgi.bundle' id='org.eclipse.equinox.preferences' version='3.7.700.v20191213-1901'>
      <properties size='1'>
        <property name='download.size' value='132632'/>
      </properties>
    </artifact>
    <artifact classifier='osgi.bundle' id='org.eclipse.ui.browser' version='3.6.700.v20200217-0820'>
      <properties size='1'>
        <property name='download.size' value='207099'/>
      </properties>
    </artifact>
    <artifact classifier='osgi.bundle' id='org.eclipse.ltk.ui.refactoring' version='3.10.200.v20200221-2020'>
      <properties size='1'>
        <property name='download.size' value='515731'/>
      </properties>
    </artifact>
    <artifact classifier='osgi.bundle' id='org.jkiss.utils' version='2.1.120.202007300336'>
      <properties size='1'>
        <property name='download.size' value='82112'/>
      </properties>
    </artifact>
    <artifact classifier='osgi.bundle' id='org.jkiss.dbeaver.ext.ui.tipoftheday' version='1.0.43.202007300336'>
      <properties size='1'>
        <property name='download.size' value='18675'/>
      </properties>
    </artifact>
    <artifact classifier='osgi.bundle' id='org.jkiss.dbeaver.ext.athena.ui' version='1.0.7.202007300336'>
      <properties size='1'>
        <property name='download.size' value='18825'/>
      </properties>
    </artifact>
    <artifact classifier='osgi.bundle' id='org.jkiss.dbeaver.ext.athena' version='1.0.43.202007300336'>
      <properties size='1'>
        <property name='download.size' value='39449'/>
      </properties>
    </artifact>
    <artifact classifier='osgi.bundle' id='org.jkiss.dbeaver.debug.core' version='1.0.66.202007300336'>
      <properties size='1'>
        <property name='download.size' value='54431'/>
      </properties>
    </artifact>
    <artifact classifier='osgi.bundle' id='org.jkiss.dbeaver.ext.h2gis' version='1.0.20.202007300336'>
      <properties size='1'>
        <property name='download.size' value='20507'/>
      </properties>
    </artifact>
    <artifact classifier='osgi.bundle' id='org.eclipse.equinox.p2.updatesite' version='1.1.300.v20191016-0515'>
      <properties size='1'>
        <property name='download.size' value='100682'/>
      </properties>
    </artifact>
    <artifact classifier='osgi.bundle' id='org.eclipse.ui.editors' version='3.13.100.v20200130-1507'>
      <properties size='1'>
        <property name='download.size' value='614680'/>
      </properties>
    </artifact>
    <artifact classifier='osgi.bundle' id='org.eclipse.jsch.core' version='1.3.800.v20200106-0907'>
      <properties size='1'>
        <property name='download.size' value='41705'/>
      </properties>
    </artifact>
    <artifact classifier='osgi.bundle' id='org.eclipse.emf.ecore.change' version='2.14.0.v20190528-0725'>
      <properties size='1'>
        <property name='download.size' value='103030'/>
      </properties>
    </artifact>
    <artifact classifier='osgi.bundle' id='org.eclipse.ui.ide' version='3.17.0.v20200217-1511'>
      <properties size='1'>
        <property name='download.size' value='2491419'/>
      </properties>
    </artifact>
    <artifact classifier='osgi.bundle' id='org.eclipse.jface' version='3.19.0.v20200218-1607'>
      <properties size='1'>
        <property name='download.size' value='1120694'/>
      </properties>
    </artifact>
    <artifact classifier='osgi.bundle' id='org.jkiss.dbeaver.ext.mysql' version='2.1.122.202007300336'>
      <properties size='1'>
        <property name='download.size' value='338916'/>
      </properties>
    </artifact>
    <artifact classifier='osgi.bundle' id='org.jkiss.dbeaver.ext.spanner.ui' version='1.0.7.202007300336'>
      <properties size='1'>
        <property name='download.size' value='17779'/>
      </properties>
    </artifact>
    <artifact classifier='osgi.bundle' id='org.eclipse.text' version='3.10.100.v20200217-1239'>
      <properties size='1'>
        <property name='download.size' value='296139'/>
      </properties>
    </artifact>
    <artifact classifier='osgi.bundle' id='org.jkiss.dbeaver.ext.vertica.ui' version='1.0.28.202007300336'>
      <properties size='1'>
        <property name='download.size' value='1949'/>
      </properties>
    </artifact>
    <artifact classifier='osgi.bundle' id='org.jkiss.dbeaver.model' version='1.0.126.202007300336'>
      <properties size='1'>
        <property name='download.size' value='1608926'/>
      </properties>
    </artifact>
    <artifact classifier='osgi.bundle' id='org.eclipse.e4.ui.model.workbench' version='2.1.700.v20200113-1422'>
      <properties size='1'>
        <property name='download.size' value='403123'/>
      </properties>
    </artifact>
    <artifact classifier='osgi.bundle' id='org.eclipse.osgi.services' version='3.8.0.v20190206-2147'>
      <properties size='1'>
        <property name='download.size' value='128680'/>
      </properties>
    </artifact>
    <artifact classifier='osgi.bundle' id='org.jkiss.dbeaver.net.ssh' version='1.0.58.202007300336'>
      <properties size='1'>
        <property name='download.size' value='121188'/>
      </properties>
    </artifact>
    <artifact classifier='osgi.bundle' id='org.jkiss.dbeaver.ext.bigquery' version='1.0.43.202007300336'>
      <properties size='1'>
        <property name='download.size' value='44670'/>
      </properties>
    </artifact>
    <artifact classifier='osgi.bundle' id='com.google.gson' version='2.8.2.v20180104-1110'>
      <properties size='1'>
        <property name='download.size' value='259868'/>
      </properties>
    </artifact>
    <artifact classifier='osgi.bundle' id='org.jkiss.dbeaver.ext.elasticsearch' version='1.0.48.202007300336'>
      <properties size='1'>
        <property name='download.size' value='23230'/>
      </properties>
    </artifact>
    <artifact classifier='osgi.bundle' id='javax.inject' version='1.0.0.v20091030'>
      <properties size='1'>
        <property name='download.size' value='14411'/>
      </properties>
    </artifact>
    <artifact classifier='osgi.bundle' id='org.eclipse.ui.themes' version='1.2.900.v20200106-1021'>
      <properties size='1'>
        <property name='download.size' value='53536'/>
      </properties>
      <repositoryProperties size='1'>
        <property name='artifact.folder' value='true'/>
      </repositoryProperties>
    </artifact>
    <artifact classifier='osgi.bundle' id='org.jkiss.dbeaver.ext.ui.colortheme' version='1.0.44.202007300336'>
      <properties size='1'>
        <property name='download.size' value='2524'/>
      </properties>
    </artifact>
    <artifact classifier='osgi.bundle' id='org.jkiss.dbeaver.data.office' version='1.1.75.202007300336'>
      <properties size='1'>
        <property name='download.size' value='21002'/>
      </properties>
    </artifact>
    <artifact classifier='osgi.bundle' id='org.eclipse.e4.ui.dialogs' version='1.1.700.v20200201-1719'>
      <properties size='1'>
        <property name='download.size' value='45396'/>
      </properties>
    </artifact>
    <artifact classifier='osgi.bundle' id='org.eclipse.ui.views.properties.tabbed' version='3.8.800.v20200213-1442'>
      <properties size='1'>
        <property name='download.size' value='110261'/>
      </properties>
    </artifact>
    <artifact classifier='osgi.bundle' id='org.jkiss.bundle.apache.poi' version='3.16.0'>
      <properties size='1'>
        <property name='download.size' value='11680588'/>
      </properties>
      <repositoryProperties size='1'>
        <property name='artifact.folder' value='true'/>
      </repositoryProperties>
    </artifact>
    <artifact classifier='org.eclipse.update.feature' id='org.jkiss.dbeaver.ce.feature' version='7.1.3.202007300336'>
      <properties size='1'>
        <property name='download.size' value='4920'/>
      </properties>
      <repositoryProperties size='1'>
        <property name='artifact.folder' value='true'/>
      </repositoryProperties>
    </artifact>
    <artifact classifier='osgi.bundle' id='org.eclipse.e4.core.commands' version='0.12.900.v20200110-1732'>
      <properties size='1'>
        <property name='download.size' value='26044'/>
      </properties>
    </artifact>
    <artifact classifier='osgi.bundle' id='org.jkiss.dbeaver.ext.derby' version='1.1.122.202007300336'>
      <properties size='1'>
        <property name='download.size' value='5596'/>
      </properties>
    </artifact>
    <artifact classifier='osgi.bundle' id='org.eclipse.equinox.ds' version='1.6.100.v20191001-1333'>
      <properties size='1'>
        <property name='download.size' value='29193'/>
      </properties>
    </artifact>
    <artifact classifier='osgi.bundle' id='org.eclipse.equinox.p2.discovery' version='1.1.200.v20190611-1008'>
      <properties size='1'>
        <property name='download.size' value='38383'/>
      </properties>
    </artifact>
    <artifact classifier='org.eclipse.update.feature' id='org.eclipse.ecf.filetransfer.feature' version='3.14.700.v20200217-0016'>
      <properties size='1'>
        <property name='download.size' value='27321'/>
      </properties>
      <repositoryProperties size='1'>
        <property name='artifact.folder' value='true'/>
      </repositoryProperties>
    </artifact>
    <artifact classifier='osgi.bundle' id='org.eclipse.equinox.event' version='1.5.300.v20191001-1333'>
      <properties size='1'>
        <property name='download.size' value='35271'/>
      </properties>
    </artifact>
    <artifact classifier='osgi.bundle' id='org.eclipse.equinox.security.macosx' version='1.101.200.v20190903-0934'>
      <properties size='1'>
        <property name='download.size' value='29091'/>
      </properties>
    </artifact>
    <artifact classifier='osgi.bundle' id='org.jkiss.dbeaver.cmp.simple' version='6.0.33.202007300336'>
      <properties size='1'>
        <property name='download.size' value='19549'/>
      </properties>
    </artifact>
    <artifact classifier='osgi.bundle' id='org.eclipse.compare' version='3.7.900.v20200129-0902'>
      <properties size='1'>
        <property name='download.size' value='811458'/>
      </properties>
    </artifact>
    <artifact classifier='osgi.bundle' id='org.jkiss.dbeaver.ext.db2' version='2.1.122.202007300336'>
      <properties size='1'>
        <property name='download.size' value='518711'/>
      </properties>
    </artifact>
    <artifact classifier='osgi.bundle' id='org.jkiss.dbeaver.model.sourcecode' version='1.0.27.202007300336'>
      <properties size='1'>
        <property name='download.size' value='88657'/>
      </properties>
    </artifact>
    <artifact classifier='osgi.bundle' id='org.apache.batik.i18n' version='1.11.0.v20190515-0436'>
      <properties size='1'>
        <property name='download.size' value='24067'/>
      </properties>
    </artifact>
    <artifact classifier='osgi.bundle' id='org.jkiss.dbeaver.ext.firebird' version='1.0.138.202007300336'>
      <properties size='1'>
        <property name='download.size' value='81721'/>
      </properties>
    </artifact>
    <artifact classifier='osgi.bundle' id='org.jkiss.dbeaver.ui.charts' version='1.0.34.202007300336'>
      <properties size='1'>
        <property name='download.size' value='16526'/>
      </properties>
    </artifact>
    <artifact classifier='osgi.bundle' id='org.apache.httpcomponents.httpcore' version='4.4.12.v20200108-1212'>
      <properties size='1'>
        <property name='download.size' value='359067'/>
      </properties>
    </artifact>
    <artifact classifier='osgi.bundle' id='org.eclipse.draw2d' version='3.10.100.201606061308'>
      <properties size='1'>
        <property name='download.size' value='616652'/>
      </properties>
    </artifact>
    <artifact classifier='osgi.bundle' id='org.jkiss.dbeaver.ext.db2.ui' version='1.0.1.202007300336'>
      <properties size='1'>
        <property name='download.size' value='77633'/>
      </properties>
    </artifact>
    <artifact classifier='osgi.bundle' id='org.eclipse.jsch.ui' version='1.3.800.v20200205-0619'>
      <properties size='1'>
        <property name='download.size' value='93598'/>
      </properties>
    </artifact>
    <artifact classifier='osgi.bundle' id='org.eclipse.e4.ui.css.swt.theme' version='0.12.600.v20200124-0005'>
      <properties size='1'>
        <property name='download.size' value='28495'/>
      </properties>
    </artifact>
    <artifact classifier='osgi.bundle' id='org.eclipse.equinox.p2.artifact.repository' version='1.3.400.v20191224-0854'>
      <properties size='1'>
        <property name='download.size' value='156655'/>
      </properties>
    </artifact>
    <artifact classifier='org.eclipse.update.feature' id='org.jkiss.dbeaver.runtime.feature' version='7.1.3.202007300336'>
      <properties size='1'>
        <property name='download.size' value='5393'/>
      </properties>
      <repositoryProperties size='1'>
        <property name='artifact.folder' value='true'/>
      </repositoryProperties>
    </artifact>
    <artifact classifier='osgi.bundle' id='org.eclipse.team.ui' version='3.8.800.v20200211-0752'>
      <properties size='1'>
        <property name='download.size' value='1464920'/>
      </properties>
    </artifact>
    <artifact classifier='osgi.bundle' id='org.jkiss.dbeaver.ui.editors.image' version='1.0.37.202007300336'>
      <properties size='1'>
        <property name='download.size' value='30321'/>
      </properties>
    </artifact>
    <artifact classifier='osgi.bundle' id='org.jkiss.dbeaver.ext.generic' version='2.3.123.202007300336'>
      <properties size='1'>
        <property name='download.size' value='865632'/>
      </properties>
    </artifact>
    <artifact classifier='osgi.bundle' id='org.eclipse.equinox.common' version='3.11.0.v20200206-0817'>
      <properties size='1'>
        <property name='download.size' value='124181'/>
      </properties>
    </artifact>
    <artifact classifier='osgi.bundle' id='org.jkiss.dbeaver.ext.postgresql.debug.core' version='1.0.66.202007300336'>
      <properties size='1'>
        <property name='download.size' value='40210'/>
      </properties>
    </artifact>
    <artifact classifier='osgi.bundle' id='org.eclipse.ecf.provider.filetransfer' version='3.2.500.v20191017-1905'>
      <properties size='1'>
        <property name='download.size' value='129438'/>
      </properties>
    </artifact>
    <artifact classifier='osgi.bundle' id='org.jkiss.dbeaver.slf4j' version='2.0.7.202007300336'>
      <properties size='1'>
        <property name='download.size' value='3085'/>
      </properties>
    </artifact>
    <artifact classifier='osgi.bundle' id='org.eclipse.equinox.p2.repository' version='2.4.700.v20200110-2121'>
      <properties size='1'>
        <property name='download.size' value='142116'/>
      </properties>
    </artifact>
    <artifact classifier='osgi.bundle' id='org.eclipse.debug.ui' version='3.14.400.v20200222-1431'>
      <properties size='1'>
        <property name='download.size' value='3131036'/>
      </properties>
    </artifact>
    <artifact classifier='osgi.bundle' id='org.eclipse.e4.ui.di' version='1.2.800.v20200128-0855'>
      <properties size='1'>
        <property name='download.size' value='16632'/>
      </properties>
    </artifact>
    <artifact classifier='osgi.bundle' id='org.jkiss.dbeaver.ext.teradata' version='1.0.105.202007300336'>
      <properties size='1'>
        <property name='download.size' value='6266'/>
      </properties>
    </artifact>
    <artifact classifier='osgi.bundle' id='org.apache.ant' version='1.10.0'>
      <properties size='1'>
        <property name='download.size' value='26069'/>
      </properties>
    </artifact>
    <artifact classifier='org.eclipse.update.feature' id='org.eclipse.equinox.p2.rcp.feature' version='1.4.700.v20200222-1600'>
      <properties size='1'>
        <property name='download.size' value='19490'/>
      </properties>
      <repositoryProperties size='1'>
        <property name='artifact.folder' value='true'/>
      </repositoryProperties>
    </artifact>
    <artifact classifier='osgi.bundle' id='org.eclipse.osgi' version='3.15.200.v20200214-1600'>
      <properties size='1'>
        <property name='download.size' value='1478551'/>
      </properties>
    </artifact>
    <artifact classifier='osgi.bundle' id='org.eclipse.compare.core' version='3.6.800.v20191213-2246'>
      <properties size='1'>
        <property name='download.size' value='68250'/>
      </properties>
    </artifact>
    <artifact classifier='osgi.bundle' id='org.eclipse.equinox.p2.operations' version='2.5.700.v20191211-1713'>
      <properties size='1'>
        <property name='download.size' value='75881'/>
      </properties>
    </artifact>
    <artifact classifier='osgi.bundle' id='org.jkiss.dbeaver.ext.sqlite' version='1.0.86.202007300336'>
      <properties size='1'>
        <property name='download.size' value='27554'/>
      </properties>
    </artifact>
    <artifact classifier='osgi.bundle' id='org.apache.commons.logging' version='1.2.0.v20180409-1502'>
      <properties size='1'>
        <property name='download.size' value='73163'/>
      </properties>
    </artifact>
    <artifact classifier='osgi.bundle' id='org.eclipse.core.variables' version='3.4.800.v20200120-1101'>
      <properties size='1'>
        <property name='download.size' value='36056'/>
      </properties>
    </artifact>
    <artifact classifier='osgi.bundle' id='com.sun.jna.platform' version='4.5.1.v20190425-1842'>
      <properties size='1'>
        <property name='download.size' value='1195544'/>
      </properties>
    </artifact>
    <artifact classifier='osgi.bundle' id='org.eclipse.ltk.core.refactoring' version='3.10.400.v20200215-1156'>
      <properties size='1'>
        <property name='download.size' value='358700'/>
      </properties>
    </artifact>
    <artifact classifier='osgi.bundle' id='org.eclipse.debug.core' version='3.15.0.v20200224-0654'>
      <properties size='1'>
        <property name='download.size' value='400455'/>
      </properties>
    </artifact>
    <artifact classifier='osgi.bundle' id='org.eclipse.e4.ui.workbench.addons.swt' version='1.3.800.v20191212-1231'>
      <properties size='1'>
        <property name='download.size' value='118159'/>
      </properties>
    </artifact>
    <artifact classifier='osgi.bundle' id='org.eclipse.equinox.p2.jarprocessor' version='1.1.600.v20200217-1130'>
      <properties size='1'>
        <property name='download.size' value='73656'/>
      </properties>
    </artifact>
    <artifact classifier='osgi.bundle' id='org.jkiss.dbeaver.ext.import_config' version='2.1.100.202007300336'>
      <properties size='1'>
        <property name='download.size' value='63522'/>
      </properties>
    </artifact>
    <artifact classifier='osgi.bundle' id='org.jkiss.dbeaver.ext.spanner' version='1.0.24.202007300336'>
      <properties size='1'>
        <property name='download.size' value='36164'/>
      </properties>
    </artifact>
    <artifact classifier='osgi.bundle' id='org.eclipse.ui.views' version='3.10.200.v20200213-1442'>
      <properties size='1'>
        <property name='download.size' value='107122'/>
      </properties>
    </artifact>
    <artifact classifier='osgi.bundle' id='org.w3c.dom.svg' version='1.1.0.v201011041433'>
      <properties size='1'>
        <property name='download.size' value='97545'/>
      </properties>
    </artifact>
    <artifact classifier='org.eclipse.update.feature' id='org.eclipse.ecf.core.ssl.feature' version='1.1.300.v20191023-2007'>
      <properties size='1'>
        <property name='download.size' value='19006'/>
      </properties>
      <repositoryProperties size='1'>
        <property name='artifact.folder' value='true'/>
      </repositoryProperties>
    </artifact>
    <artifact classifier='osgi.bundle' id='org.eclipse.core.filebuffers' version='3.6.900.v20200117-0616'>
      <properties size='1'>
        <property name='download.size' value='116434'/>
      </properties>
    </artifact>
    <artifact classifier='osgi.bundle' id='org.eclipse.osgi.compatibility.state' version='1.1.700.v20200207-2156'>
      <properties size='1'>
        <property name='download.size' value='247749'/>
      </properties>
    </artifact>
    <artifact classifier='osgi.bundle' id='org.eclipse.core.filesystem' version='1.7.700.v20200110-1734'>
      <properties size='1'>
        <property name='download.size' value='66954'/>
      </properties>
    </artifact>
    <artifact classifier='osgi.bundle' id='org.eclipse.equinox.p2.touchpoint.natives' version='1.3.500.v20200218-1022'>
      <properties size='1'>
        <property name='download.size' value='81885'/>
      </properties>
    </artifact>
    <artifact classifier='osgi.bundle' id='org.jkiss.dbeaver.ext.postgresql' version='2.1.110.202007300336'>
      <properties size='1'>
        <property name='download.size' value='862656'/>
      </properties>
    </artifact>
    <artifact classifier='org.eclipse.update.feature' id='org.eclipse.equinox.p2.discovery.feature' version='1.2.500.v20191213-1911'>
      <properties size='1'>
        <property name='download.size' value='19484'/>
      </properties>
      <repositoryProperties size='1'>
        <property name='artifact.folder' value='true'/>
      </repositoryProperties>
    </artifact>
    <artifact classifier='osgi.bundle' id='org.jkiss.dbeaver.data.office.ui' version='1.0.1.202007300336'>
      <properties size='1'>
        <property name='download.size' value='10807'/>
      </properties>
    </artifact>
    <artifact classifier='osgi.bundle' id='org.jkiss.dbeaver.ext.exasol.ui' version='1.0.6.202007300336'>
      <properties size='1'>
        <property name='download.size' value='111841'/>
      </properties>
    </artifact>
    <artifact classifier='osgi.bundle' id='org.eclipse.e4.ui.css.core' version='0.12.1000.v20200129-0903'>
      <properties size='1'>
        <property name='download.size' value='214323'/>
      </properties>
    </artifact>
    <artifact classifier='osgi.bundle' id='org.jkiss.dbeaver.ext.sample.database' version='1.0.74.202007300336'>
      <properties size='1'>
        <property name='download.size' value='420204'/>
      </properties>
    </artifact>
    <artifact classifier='osgi.bundle' id='org.jkiss.dbeaver.ui.editors.json' version='1.0.21.202007300336'>
      <properties size='1'>
        <property name='download.size' value='14096'/>
      </properties>
    </artifact>
    <artifact classifier='osgi.bundle' id='org.eclipse.ecf.identity' version='3.9.300.v20191020-1846'>
      <properties size='1'>
        <property name='download.size' value='65057'/>
      </properties>
    </artifact>
    <artifact classifier='osgi.bundle' id='org.eclipse.equinox.p2.metadata.repository' version='1.3.400.v20191211-1528'>
      <properties size='1'>
        <property name='download.size' value='133270'/>
      </properties>
    </artifact>
    <artifact classifier='osgi.bundle' id='org.jkiss.dbeaver.ext.postgresql.debug.ui' version='1.0.66.202007300336'>
      <properties size='1'>
        <property name='download.size' value='17681'/>
      </properties>
    </artifact>
    <artifact classifier='osgi.bundle' id='com.github.jsqlparser' version='3.2.0'>
      <properties size='1'>
        <property name='download.size' value='534989'/>
      </properties>
    </artifact>
    <artifact classifier='org.eclipse.update.feature' id='org.eclipse.ecf.core.feature' version='1.5.500.v20200217-1548'>
      <properties size='1'>
        <property name='download.size' value='19043'/>
      </properties>
      <repositoryProperties size='1'>
        <property name='artifact.folder' value='true'/>
      </repositoryProperties>
    </artifact>
    <artifact classifier='osgi.bundle' id='org.jkiss.dbeaver.ui.editors.content' version='1.0.37.202007300336'>
      <properties size='1'>
        <property name='download.size' value='2073'/>
      </properties>
    </artifact>
    <artifact classifier='osgi.bundle' id='org.apache.commons.jxpath' version='1.3.0.v200911051830'>
      <properties size='1'>
        <property name='download.size' value='325439'/>
      </properties>
    </artifact>
    <artifact classifier='osgi.bundle' id='org.eclipse.equinox.p2.core' version='2.6.300.v20200211-1504'>
      <properties size='1'>
        <property name='download.size' value='76716'/>
      </properties>
    </artifact>
    <artifact classifier='osgi.bundle' id='org.slf4j.api' version='1.7.30.v20200204-2150'>
      <properties size='1'>
        <property name='download.size' value='53068'/>
      </properties>
    </artifact>
    <artifact classifier='osgi.bundle' id='org.objectweb.asm' version='7.2.0.v20191010-1910'>
      <properties size='1'>
        <property name='download.size' value='126398'/>
      </properties>
    </artifact>
    <artifact classifier='osgi.bundle' id='org.jkiss.dbeaver.core' version='7.1.3.202007300336'>
      <properties size='1'>
        <property name='download.size' value='531056'/>
      </properties>
    </artifact>
    <artifact classifier='osgi.bundle' id='net.sf.opencsv' version='2.3.0'>
      <properties size='1'>
        <property name='download.size' value='20387'/>
      </properties>
    </artifact>
    <artifact classifier='org.eclipse.update.feature' id='org.eclipse.equinox.p2.core.feature' version='1.6.500.v20200221-1022'>
      <properties size='1'>
        <property name='download.size' value='20114'/>
      </properties>
      <repositoryProperties size='1'>
        <property name='artifact.folder' value='true'/>
      </repositoryProperties>
    </artifact>
    <artifact classifier='osgi.bundle' id='org.jkiss.dbeaver.ext.format.sqlworkbenchj' version='1.0.44.202007300336'>
      <properties size='1'>
        <property name='download.size' value='8064'/>
      </properties>
    </artifact>
    <artifact classifier='osgi.bundle' id='org.eclipse.core.runtime' version='3.17.100.v20200203-0917'>
      <properties size='1'>
        <property name='download.size' value='73931'/>
      </properties>
    </artifact>
    <artifact classifier='osgi.bundle' id='org.eclipse.equinox.p2.metadata' version='2.4.700.v20191213-1911'>
      <properties size='1'>
        <property name='download.size' value='360938'/>
      </properties>
    </artifact>
    <artifact classifier='osgi.bundle' id='org.eclipse.core.databinding' version='1.8.0.v20200205-2008'>
      <properties size='1'>
        <property name='download.size' value='177036'/>
      </properties>
    </artifact>
    <artifact classifier='osgi.bundle' id='org.eclipse.e4.ui.workbench.renderers.swt.cocoa' version='0.12.500.v20200123-1115'>
      <properties size='1'>
        <property name='download.size' value='31338'/>
      </properties>
    </artifact>
    <artifact classifier='osgi.bundle' id='org.eclipse.e4.core.di' version='1.7.500.v20190916-2125'>
      <properties size='1'>
        <property name='download.size' value='52730'/>
      </properties>
    </artifact>
    <artifact classifier='org.eclipse.update.feature' id='org.eclipse.ecf.filetransfer.httpclient45.feature' version='1.0.300.v20200217-0016'>
      <properties size='1'>
        <property name='download.size' value='27276'/>
      </properties>
      <repositoryProperties size='1'>
        <property name='artifact.folder' value='true'/>
      </repositoryProperties>
    </artifact>
    <artifact classifier='osgi.bundle' id='org.jkiss.dbeaver.ext.h2' version='1.0.92.202007300336'>
      <properties size='1'>
        <property name='download.size' value='7018'/>
      </properties>
    </artifact>
    <artifact classifier='osgi.bundle' id='org.eclipse.ecf.provider.filetransfer.httpclient45' version='1.0.200.v20200212-0036'>
      <properties size='1'>
        <property name='download.size' value='83154'/>
      </properties>
    </artifact>
    <artifact classifier='osgi.bundle' id='org.jkiss.dbeaver.ext.hive' version='1.0.43.202007300336'>
      <properties size='1'>
        <property name='download.size' value='10852'/>
      </properties>
    </artifact>
    <artifact classifier='osgi.bundle' id='org.jkiss.dbeaver.ext.generic.ui' version='1.0.13.202007300336'>
      <properties size='1'>
        <property name='download.size' value='30339'/>
      </properties>
    </artifact>
    <artifact classifier='osgi.bundle' id='org.apache.commons.cli' version='1.3.1'>
      <properties size='1'>
        <property name='download.size' value='52988'/>
      </properties>
    </artifact>
    <artifact classifier='osgi.bundle' id='org.jkiss.dbeaver.ext.phoenix' version='1.0.106.202007300336'>
      <properties size='1'>
        <property name='download.size' value='7963'/>
      </properties>
    </artifact>
    <artifact classifier='org.eclipse.update.feature' id='org.jkiss.dbeaver.ui.feature' version='7.1.3.202007300336'>
      <properties size='1'>
        <property name='download.size' value='1618'/>
      </properties>
      <repositoryProperties size='1'>
        <property name='artifact.folder' value='true'/>
      </repositoryProperties>
    </artifact>
    <artifact classifier='osgi.bundle' id='org.eclipse.e4.core.di.extensions' version='0.15.500.v20200106-1259'>
      <properties size='1'>
        <property name='download.size' value='11402'/>
      </properties>
    </artifact>
    <artifact classifier='osgi.bundle' id='org.eclipse.e4.ui.widgets' version='1.2.700.v20191222-1048'>
      <properties size='1'>
        <property name='download.size' value='13421'/>
      </properties>
    </artifact>
    <artifact classifier='osgi.bundle' id='org.eclipse.e4.ui.css.swt' version='0.13.900.v20200203-0840'>
      <properties size='1'>
        <property name='download.size' value='251704'/>
      </properties>
    </artifact>
    <artifact classifier='osgi.bundle' id='org.jkiss.dbeaver.ext.informix' version='1.0.128.202007300336'>
      <properties size='1'>
        <property name='download.size' value='7664'/>
      </properties>
    </artifact>
    <artifact classifier='osgi.bundle' id='com.ibm.icu.base' version='58.2.0.v20170418-1837'>
      <properties size='1'>
        <property name='download.size' value='185824'/>
      </properties>
    </artifact>
    <artifact classifier='osgi.bundle' id='org.jkiss.dbeaver.ui.editors.xml' version='1.0.37.202007300336'>
      <properties size='1'>
        <property name='download.size' value='21711'/>
      </properties>
    </artifact>
    <artifact classifier='osgi.bundle' id='org.eclipse.equinox.p2.touchpoint.eclipse' version='2.2.600.v20200114-1339'>
      <properties size='1'>
        <property name='download.size' value='132472'/>
      </properties>
    </artifact>
    <artifact classifier='org.eclipse.update.feature' id='org.jkiss.dbeaver.debug.feature' version='6.1.27.202007300336'>
      <properties size='1'>
        <property name='download.size' value='5190'/>
      </properties>
      <repositoryProperties size='1'>
        <property name='artifact.folder' value='true'/>
      </repositoryProperties>
    </artifact>
    <artifact classifier='osgi.bundle' id='org.eclipse.ui.workbench' version='3.118.0.v20200222-0719'>
      <properties size='1'>
        <property name='download.size' value='3684567'/>
      </properties>
    </artifact>
    <artifact classifier='osgi.bundle' id='org.eclipse.e4.ui.workbench.renderers.swt' version='0.14.1100.v20200217-1217'>
      <properties size='1'>
        <property name='download.size' value='251671'/>
      </properties>
    </artifact>
    <artifact classifier='osgi.bundle' id='org.eclipse.e4.core.di.annotations' version='1.6.600.v20191216-2352'>
      <properties size='1'>
        <property name='download.size' value='12249'/>
      </properties>
    </artifact>
    <artifact classifier='osgi.bundle' id='org.jkiss.bundle.apache.batik' version='1.9.1'>
      <properties size='1'>
        <property name='download.size' value='4407841'/>
      </properties>
      <repositoryProperties size='1'>
        <property name='artifact.folder' value='true'/>
      </repositoryProperties>
    </artifact>
    <artifact classifier='osgi.bundle' id='org.jkiss.dbeaver.ext.greenplum' version='1.0.38.202007300336'>
      <properties size='1'>
        <property name='download.size' value='83989'/>
      </properties>
    </artifact>
    <artifact classifier='org.eclipse.update.feature' id='org.jkiss.dbeaver.ext.ui.svg.feature' version='1.0.73.202007300336'>
      <properties size='1'>
        <property name='download.size' value='4906'/>
      </properties>
      <repositoryProperties size='1'>
        <property name='artifact.folder' value='true'/>
      </repositoryProperties>
    </artifact>
    <artifact classifier='osgi.bundle' id='org.eclipse.equinox.p2.ui.discovery' version='1.1.400.v20191213-1911'>
      <properties size='1'>
        <property name='download.size' value='157561'/>
      </properties>
    </artifact>
    <artifact classifier='osgi.bundle' id='org.eclipse.e4.ui.services' version='1.3.700.v20190930-1643'>
      <properties size='1'>
        <property name='download.size' value='24891'/>
      </properties>
    </artifact>
    <artifact classifier='osgi.bundle' id='org.sat4j.pb' version='2.3.5.v201404071733'>
      <properties size='1'>
        <property name='download.size' value='249896'/>
      </properties>
    </artifact>
    <artifact classifier='osgi.bundle' id='org.eclipse.equinox.p2.transport.ecf' version='1.2.400.v20200123-2221'>
      <properties size='1'>
        <property name='download.size' value='44445'/>
      </properties>
    </artifact>
    <artifact classifier='osgi.bundle' id='org.jkiss.dbeaver.ui.search' version='1.0.28.202007300336'>
      <properties size='1'>
        <property name='download.size' value='74355'/>
      </properties>
    </artifact>
    <artifact classifier='osgi.bundle' id='org.jkiss.dbeaver.ext.mysql.ui' version='1.0.29.202007300336'>
      <properties size='1'>
        <property name='download.size' value='142254'/>
      </properties>
    </artifact>
    <artifact classifier='osgi.bundle' id='org.eclipse.core.expressions' version='3.6.700.v20200212-1751'>
      <properties size='1'>
        <property name='download.size' value='94824'/>
      </properties>
    </artifact>
    <artifact classifier='osgi.bundle' id='org.jkiss.dbeaver.ext.ocient' version='1.0.8.202007300336'>
      <properties size='1'>
        <property name='download.size' value='30657'/>
      </properties>
    </artifact>
    <artifact classifier='osgi.bundle' id='org.jkiss.dbeaver.debug.ui' version='1.0.66.202007300336'>
      <properties size='1'>
        <property name='download.size' value='73632'/>
      </properties>
    </artifact>
    <artifact classifier='org.eclipse.update.feature' id='org.jkiss.dbeaver.ext.office.feature' version='1.1.74.202007300336'>
      <properties size='1'>
        <property name='download.size' value='4944'/>
      </properties>
      <repositoryProperties size='1'>
        <property name='artifact.folder' value='true'/>
      </repositoryProperties>
    </artifact>
    <artifact classifier='osgi.bundle' id='org.eclipse.equinox.p2.ui.importexport' version='1.2.400.v20191016-0512'>
      <properties size='1'>
        <property name='download.size' value='127656'/>
      </properties>
    </artifact>
    <artifact classifier='osgi.bundle' id='org.apache.batik.css' version='1.11.0.v20190515-0436'>
      <properties size='1'>
        <property name='download.size' value='359895'/>
      </properties>
    </artifact>
    <artifact classifier='org.eclipse.update.feature' id='org.eclipse.ecf.filetransfer.ssl.feature' version='1.1.200.v20191024-1546'>
      <properties size='1'>
        <property name='download.size' value='23141'/>
      </properties>
      <repositoryProperties size='1'>
        <property name='artifact.folder' value='true'/>
      </repositoryProperties>
    </artifact>
    <artifact classifier='osgi.bundle' id='org.eclipse.core.jobs' version='3.10.700.v20200106-1020'>
      <properties size='1'>
        <property name='download.size' value='107668'/>
      </properties>
    </artifact>
    <artifact classifier='osgi.bundle' id='org.eclipse.core.resources' version='3.13.700.v20200209-1624'>
      <properties size='1'>
        <property name='download.size' value='894121'/>
      </properties>
    </artifact>
    <artifact classifier='osgi.bundle' id='org.eclipse.text.quicksearch' version='1.0.200.v20200218-1616'>
      <properties size='1'>
        <property name='download.size' value='95182'/>
      </properties>
    </artifact>
    <artifact classifier='osgi.bundle' id='org.jkiss.dbeaver.ext.vertica' version='2.0.67.202007300336'>
      <properties size='1'>
        <property name='download.size' value='49375'/>
      </properties>
    </artifact>
    <artifact classifier='osgi.bundle' id='org.eclipse.ui.views.log' version='1.2.1000.v20200127-1026'>
      <properties size='1'>
        <property name='download.size' value='173413'/>
      </properties>
    </artifact>
    <artifact classifier='osgi.bundle' id='org.jkiss.dbeaver.ext.netezza' version='1.0.102.202007300336'>
      <properties size='1'>
        <property name='download.size' value='4833'/>
      </properties>
    </artifact>
    <artifact classifier='osgi.bundle' id='org.eclipse.equinox.p2.directorywatcher' version='1.2.500.v20191211-1631'>
      <properties size='1'>
        <property name='download.size' value='31782'/>
      </properties>
    </artifact>
    <artifact classifier='osgi.bundle' id='org.eclipse.equinox.p2.director' version='2.4.600.v20200211-1504'>
      <properties size='1'>
        <property name='download.size' value='109426'/>
      </properties>
    </artifact>
    <artifact classifier='osgi.bundle' id='org.eclipse.equinox.p2.discovery.compatibility' version='1.1.200.v20190611-1008'>
      <properties size='1'>
        <property name='download.size' value='59203'/>
      </properties>
    </artifact>
    <artifact classifier='osgi.bundle' id='org.eclipse.equinox.launcher.cocoa.macosx.x86_64' version='1.1.1100.v20190907-0426'>
      <properties size='1'>
        <property name='download.size' value='41074'/>
      </properties>
      <repositoryProperties size='1'>
        <property name='artifact.folder' value='true'/>
      </repositoryProperties>
    </artifact>
    <artifact classifier='osgi.bundle' id='org.eclipse.equinox.bidi' version='1.2.300.v20191213-1901'>
      <properties size='1'>
        <property name='download.size' value='51274'/>
      </properties>
    </artifact>
    <artifact classifier='org.eclipse.update.feature' id='org.jkiss.dbeaver.standalone.feature' version='7.1.3.202007300336'>
      <properties size='1'>
        <property name='download.size' value='5448'/>
      </properties>
      <repositoryProperties size='1'>
        <property name='artifact.folder' value='true'/>
      </repositoryProperties>
    </artifact>
    <artifact classifier='osgi.bundle' id='org.apache.commons.jexl' version='3.1.0'>
      <properties size='1'>
        <property name='download.size' value='397422'/>
      </properties>
    </artifact>
    <artifact classifier='osgi.bundle' id='org.eclipse.e4.ui.bindings' version='0.12.800.v20191216-0805'>
      <properties size='1'>
        <property name='download.size' value='45986'/>
      </properties>
    </artifact>
    <artifact classifier='osgi.bundle' id='org.eclipse.e4.emf.xpath' version='0.2.600.v20191216-0805'>
      <properties size='1'>
        <property name='download.size' value='51387'/>
      </properties>
    </artifact>
    <artifact classifier='osgi.bundle' id='org.eclipse.osgi.util' version='3.5.300.v20190708-1141'>
      <properties size='1'>
        <property name='download.size' value='73510'/>
      </properties>
    </artifact>
    <artifact classifier='osgi.bundle' id='org.jkiss.dbeaver.ext.db2.zos' version='1.0.40.202007300336'>
      <properties size='1'>
        <property name='download.size' value='36024'/>
      </properties>
    </artifact>
    <artifact classifier='osgi.bundle' id='org.jkiss.dbeaver.net.ssh.ui' version='1.0.58.202007300336'>
      <properties size='1'>
        <property name='download.size' value='19848'/>
      </properties>
    </artifact>
    <artifact classifier='osgi.bundle' id='org.jkiss.dbeaver.ext.exasol' version='1.0.95.202007300336'>
      <properties size='1'>
        <property name='download.size' value='288870'/>
      </properties>
    </artifact>
    <artifact classifier='osgi.bundle' id='org.eclipse.equinox.app' version='1.4.400.v20191212-0743'>
      <properties size='1'>
        <property name='download.size' value='89314'/>
      </properties>
    </artifact>
    <artifact classifier='osgi.bundle' id='org.eclipse.ui.forms' version='3.9.0.v20200213-1442'>
      <properties size='1'>
        <property name='download.size' value='331875'/>
      </properties>
    </artifact>
    <artifact classifier='osgi.bundle' id='org.jkiss.dbeaver.ext.postgresql.ui' version='1.0.13.202007300336'>
      <properties size='1'>
        <property name='download.size' value='223905'/>
      </properties>
    </artifact>
    <artifact classifier='osgi.bundle' id='org.eclipse.ui.workbench.texteditor' version='3.14.100.v20200212-1049'>
      <properties size='1'>
        <property name='download.size' value='657314'/>
      </properties>
    </artifact>
    <artifact classifier='osgi.bundle' id='org.jkiss.dbeaver.ui.editors.session' version='1.0.15.202007300336'>
      <properties size='1'>
        <property name='download.size' value='33220'/>
      </properties>
    </artifact>
    <artifact classifier='org.eclipse.update.feature' id='org.eclipse.equinox.p2.extras.feature' version='1.4.700.v20200221-1022'>
      <properties size='1'>
        <property name='download.size' value='19566'/>
      </properties>
      <repositoryProperties size='1'>
        <property name='artifact.folder' value='true'/>
      </repositoryProperties>
    </artifact>
    <artifact classifier='osgi.bundle' id='org.jkiss.dbeaver.ui.navigator' version='1.0.37.202007300336'>
      <properties size='1'>
        <property name='download.size' value='613030'/>
      </properties>
    </artifact>
    <artifact classifier='osgi.bundle' id='org.eclipse.ui.console' version='3.9.100.v20200215-1209'>
      <properties size='1'>
        <property name='download.size' value='212763'/>
      </properties>
    </artifact>
    <artifact classifier='osgi.bundle' id='org.jkiss.dbeaver.tasks.ui' version='1.0.15.202007300336'>
      <properties size='1'>
        <property name='download.size' value='162054'/>
      </properties>
    </artifact>
    <artifact classifier='osgi.bundle' id='org.jkiss.dbeaver.ext.erd' version='2.0.139.202007300336'>
      <properties size='1'>
        <property name='download.size' value='340814'/>
      </properties>
    </artifact>
    <artifact classifier='osgi.bundle' id='org.w3c.dom.smil' version='1.0.1.v200903091627'>
      <properties size='1'>
        <property name='download.size' value='21745'/>
      </properties>
    </artifact>
    <artifact classifier='osgi.bundle' id='org.eclipse.equinox.p2.repository.tools' version='2.2.500.v20200110-2121'>
      <properties size='1'>
        <property name='download.size' value='254231'/>
      </properties>
    </artifact>
    <artifact classifier='osgi.bundle' id='org.jkiss.dbeaver.ui.editors.data' version='1.0.37.202007300336'>
      <properties size='1'>
        <property name='download.size' value='1121034'/>
      </properties>
    </artifact>
    <artifact classifier='osgi.bundle' id='org.jkiss.dbeaver.tasks.sql.ui' version='1.0.3.202007300336'>
      <properties size='1'>
        <property name='download.size' value='34343'/>
      </properties>
    </artifact>
    <artifact classifier='osgi.bundle' id='org.eclipse.equinox.p2.director.app' version='1.1.500.v20200211-1504'>
      <properties size='1'>
        <property name='download.size' value='57663'/>
      </properties>
    </artifact>
    <artifact classifier='osgi.bundle' id='org.eclipse.ecf.provider.filetransfer.ssl' version='1.0.101.v20191012-1926'>
      <properties size='1'>
        <property name='download.size' value='9905'/>
      </properties>
    </artifact>
    <artifact classifier='osgi.bundle' id='org.eclipse.e4.ui.workbench.swt' version='0.14.900.v20200213-1442'>
      <properties size='1'>
        <property name='download.size' value='143817'/>
      </properties>
    </artifact>
    <artifact classifier='osgi.bundle' id='org.jkiss.dbeaver.data.transfer.ui' version='1.0.21.202007300336'>
      <properties size='1'>
        <property name='download.size' value='217990'/>
      </properties>
    </artifact>
    <artifact classifier='osgi.bundle' id='org.jkiss.dbeaver.ext.oracle' version='2.1.122.202007300336'>
      <properties size='1'>
        <property name='download.size' value='536446'/>
      </properties>
    </artifact>
    <artifact classifier='osgi.bundle' id='org.eclipse.core.net' version='1.3.800.v20200218-0937'>
      <properties size='1'>
        <property name='download.size' value='74578'/>
      </properties>
    </artifact>
    <artifact classifier='osgi.bundle' id='org.eclipse.team.core' version='3.8.900.v20200211-0946'>
      <properties size='1'>
        <property name='download.size' value='407758'/>
      </properties>
    </artifact>
    <artifact classifier='osgi.bundle' id='org.eclipse.e4.ui.ide' version='3.15.0.v20200113-2039'>
      <properties size='1'>
        <property name='download.size' value='11453'/>
      </properties>
    </artifact>
    <artifact classifier='org.eclipse.update.feature' id='org.jkiss.dbeaver.db.ui.feature' version='1.0.28.202007300336'>
      <properties size='1'>
        <property name='download.size' value='1181'/>
      </properties>
      <repositoryProperties size='1'>
        <property name='artifact.folder' value='true'/>
      </repositoryProperties>
    </artifact>
    <artifact classifier='osgi.bundle' id='org.eclipse.emf.common' version='2.18.0.v20191225-1014'>
      <properties size='1'>
        <property name='download.size' value='375780'/>
      </properties>
    </artifact>
    <artifact classifier='osgi.bundle' id='org.apache.felix.scr' version='2.1.16.v20200110-1820'>
      <properties size='1'>
        <property name='download.size' value='416644'/>
      </properties>
    </artifact>
    <artifact classifier='osgi.bundle' id='org.eclipse.equinox.simpleconfigurator.manipulator' version='2.1.500.v20200211-1505'>
      <properties size='1'>
        <property name='download.size' value='26960'/>
      </properties>
    </artifact>
    <artifact classifier='osgi.bundle' id='org.jkiss.dbeaver.ext.hana' version='1.2.15.202007300336'>
      <properties size='1'>
        <property name='download.size' value='75219'/>
      </properties>
    </artifact>
    <artifact classifier='osgi.bundle' id='org.jkiss.dbeaver.ui.editors.entity' version='1.0.37.202007300336'>
      <properties size='1'>
        <property name='download.size' value='1160'/>
      </properties>
    </artifact>
    <artifact classifier='osgi.bundle' id='org.eclipse.e4.core.contexts' version='1.8.400.v20191217-1710'>
      <properties size='1'>
        <property name='download.size' value='48527'/>
      </properties>
    </artifact>
    <artifact classifier='osgi.bundle' id='org.eclipse.equinox.p2.reconciler.dropins' version='1.3.300.v20191211-1631'>
      <properties size='1'>
        <property name='download.size' value='50309'/>
      </properties>
    </artifact>
    <artifact classifier='osgi.bundle' id='org.w3c.css.sac' version='1.3.1.v200903091627'>
      <properties size='1'>
        <property name='download.size' value='36448'/>
      </properties>
    </artifact>
    <artifact classifier='osgi.bundle' id='org.apache.commons.codec' version='1.13.0.v20200108-0001'>
      <properties size='1'>
        <property name='download.size' value='373236'/>
      </properties>
    </artifact>
    <artifact classifier='osgi.bundle' id='org.eclipse.core.contenttype' version='3.7.600.v20200124-1609'>
      <properties size='1'>
        <property name='download.size' value='100608'/>
      </properties>
    </artifact>
    <artifact classifier='osgi.bundle' id='org.eclipse.jface.databinding' version='1.11.0.v20200205-2119'>
      <properties size='1'>
        <property name='download.size' value='302007'/>
      </properties>
    </artifact>
    <artifact classifier='osgi.bundle' id='org.eclipse.swt' version='3.114.0.v20200304-0601'>
      <properties size='1'>
        <property name='download.size' value='17317'/>
      </properties>
    </artifact>
    <artifact classifier='osgi.bundle' id='org.eclipse.e4.core.di.extensions.supplier' version='0.15.500.v20200106-1259'>
      <properties size='1'>
        <property name='download.size' value='35620'/>
      </properties>
    </artifact>
    <artifact classifier='osgi.bundle' id='org.eclipse.search' version='3.11.900.v20200211-1227'>
      <properties size='1'>
        <property name='download.size' value='547583'/>
      </properties>
    </artifact>
    <artifact classifier='osgi.bundle' id='org.jkiss.dbeaver.ext.db2.i' version='1.0.25.202007300336'>
      <properties size='1'>
        <property name='download.size' value='31854'/>
      </properties>
    </artifact>
    <artifact classifier='org.eclipse.update.feature' id='org.eclipse.equinox.p2.user.ui' version='2.4.700.v20200222-1600'>
      <properties size='1'>
        <property name='download.size' value='19362'/>
      </properties>
      <repositoryProperties size='1'>
        <property name='artifact.folder' value='true'/>
      </repositoryProperties>
    </artifact>
    <artifact classifier='osgi.bundle' id='org.eclipse.equinox.p2.publisher' version='1.5.300.v20191016-0507'>
      <properties size='1'>
        <property name='download.size' value='100396'/>
      </properties>
    </artifact>
  </artifacts>
</repository>
